"ANO","CODIGO_RNT","COD_MUN","COD_DPTO","ESTADO_RNT","RAZON_SOCIAL_ESTABLECIMIENTO","DEPARTAMENTO","MUNICIPIO","CATEGORIA","SUB_CATEGORIA","HABITACIONES","CAMAS","NUM_EMP"
"2019","6.865","73026","73","ACTIVO","HOTEL ELICARVES","TOLIMA","ALVARADO","ESTABLECIMIENTOS DE ALOJAMIENTO TURÍSTICO","HOTEL","15","22","4"
"2019","17.582","73026","73","ACTIVO","FINCA AGROTURISTICA EL PALMAR","TOLIMA","ALVARADO","VIVIENDAS TURÍSTICAS","FINCAS TURÍSTICAS (ALOJAMIENTO RURAL)","4","40","0"
"2019","22.579","73026","73","ACTIVO","MOLINO LA GUAIRA-ALOJAMIENTO CAMPESTRE","TOLIMA","ALVARADO","VIVIENDAS TURÍSTICAS","FINCAS TURÍSTICAS (ALOJAMIENTO RURAL)","10","55","0"
"2019","58.625","73026","73","ACTIVO","LA POSADA CAMPESTRE ALVARADO","TOLIMA","ALVARADO","ESTABLECIMIENTOS DE ALOJAMIENTO TURÍSTICO","HOTEL","20","45","5"
"2019","60.224","73026","73","ACTIVO","FINCA ARIZONA","TOLIMA","ALVARADO","VIVIENDAS TURÍSTICAS","FINCAS TURÍSTICAS (ALOJAMIENTO RURAL)","6","17","0"
"2019","66.815","73026","73","ACTIVO","CORPORACION DULIMA TURISTICA","TOLIMA","ALVARADO","VIVIENDAS TURÍSTICAS","OTROS TIPOS DE VIVIENDA TURÍSTICA","3","6","0"
"2019","67.393","73026","73","ACTIVO","CORPORACION DULIMA TURISTICA","TOLIMA","ALVARADO","OTROS TIPOS DE HOSPEDAJE TURÍSTICOS NO PERMANENTES","OTROS TIPOS DE HOSPEDAJE TURÍSTICOS NO PERMANENTES","4","15","1"
"2019","70.067","73026","73","ACTIVO","FINCA EL PARAISO MA","TOLIMA","ALVARADO","VIVIENDAS TURÍSTICAS","OTROS TIPOS DE VIVIENDA TURÍSTICA","3","12","0"
"2019","71.845","73026","73","ACTIVO","HOTEL RESTAURANTE MONTERREY","TOLIMA","ALVARADO","ESTABLECIMIENTOS DE ALOJAMIENTO TURÍSTICO","HOTEL","13","18","3"
"2020","6.865","73026","73","ACTIVO","HOTEL ELICARVES","TOLIMA","ALVARADO","ESTABLECIMIENTOS DE ALOJAMIENTO TURÍSTICO","HOTEL","15","22","4"
"2020","17.582","73026","73","ACTIVO","FINCA AGROTURISTICA EL PALMAR","TOLIMA","ALVARADO","VIVIENDAS TURÍSTICAS","FINCAS TURÍSTICAS (ALOJAMIENTO RURAL)","4","40","0"
"2020","22.579","73026","73","ACTIVO","MOLINO LA GUAIRA-ALOJAMIENTO CAMPESTRE","TOLIMA","ALVARADO","VIVIENDAS TURÍSTICAS","FINCAS TURÍSTICAS (ALOJAMIENTO RURAL)","10","55","0"
"2020","58.625","73026","73","ACTIVO","LA POSADA CAMPESTRE ALVARADO","TOLIMA","ALVARADO","ESTABLECIMIENTOS DE ALOJAMIENTO TURÍSTICO","HOTEL","20","45","3"
"2020","60.224","73026","73","ACTIVO","FINCA ARIZONA","TOLIMA","ALVARADO","VIVIENDAS TURÍSTICAS","FINCAS TURÍSTICAS (ALOJAMIENTO RURAL)","6","17","0"
"2020","70.067","73026","73","ACTIVO","FINCA EL PARAISO MA","TOLIMA","ALVARADO","VIVIENDAS TURÍSTICAS","OTROS TIPOS DE VIVIENDA TURÍSTICA","3","12","0"
"2021","6.865","73026","73","ACTIVO","HOTEL ELICARVES","TOLIMA","ALVARADO","ESTABLECIMIENTOS DE ALOJAMIENTO TURÍSTICO","HOTEL","15","22","4"
"2021","17.582","73026","73","ACTIVO","FINCA AGROTURISTICA EL PALMAR","TOLIMA","ALVARADO","VIVIENDAS TURÍSTICAS","FINCAS TURÍSTICAS (ALOJAMIENTO RURAL)","4","35","0"
"2021","22.579","73026","73","ACTIVO","HACIENDA LA GUAIRA PARQUE NACIONAL DEL ARROZ","TOLIMA","ALVARADO","VIVIENDAS TURÍSTICAS","FINCAS TURÍSTICAS (ALOJAMIENTO RURAL)","10","55","0"
"2021","58.625","73026","73","ACTIVO","LA POSADA CAMPESTRE ALVARADO","TOLIMA","ALVARADO","ESTABLECIMIENTOS DE ALOJAMIENTO TURÍSTICO","HOTEL","20","45","1"
"2021","60.224","73026","73","ACTIVO","FINCA ARIZONA","TOLIMA","ALVARADO","VIVIENDAS TURÍSTICAS","FINCAS TURÍSTICAS (ALOJAMIENTO RURAL)","6","17","0"
"2021","70.067","73026","73","ACTIVO","FINCA EL PARAISO MA","TOLIMA","ALVARADO","VIVIENDAS TURÍSTICAS","OTROS TIPOS DE VIVIENDA TURÍSTICA","3","12","0"
"2021","105.803","73026","73","ACTIVO","JORGE ANDRES RAMIREZ ROJAS","TOLIMA","ALVARADO","OTROS TIPOS DE HOSPEDAJE TURÍSTICOS NO PERMANENTES","OTROS TIPOS DE HOSPEDAJE TURÍSTICOS NO PERMANENTES","2","2","0"
"2022","6.865","73026","73","ACTIVO","HOTEL ELICARVES","TOLIMA","ALVARADO","ESTABLECIMIENTOS DE ALOJAMIENTO TURÍSTICO","HOTEL","15","22","1"
"2022","17.582","73026","73","ACTIVO","FINCA AGROTURISTICA EL PALMAR","TOLIMA","ALVARADO","VIVIENDAS TURÍSTICAS","FINCAS TURÍSTICAS (ALOJAMIENTO RURAL)","4","35","0"
"2022","22.579","73026","73","ACTIVO","HACIENDA LA GUAIRA PARQUE NACIONAL DEL ARROZ","TOLIMA","ALVARADO","VIVIENDAS TURÍSTICAS","FINCAS TURÍSTICAS (ALOJAMIENTO RURAL)","10","55","0"
"2022","60.224","73026","73","ACTIVO","FINCA ARIZONA","TOLIMA","ALVARADO","VIVIENDAS TURÍSTICAS","FINCAS TURÍSTICAS (ALOJAMIENTO RURAL)","6","17","0"
"2022","70.067","73026","73","ACTIVO","FINCA EL PARAISO MA","TOLIMA","ALVARADO","VIVIENDAS TURÍSTICAS","OTROS TIPOS DE VIVIENDA TURÍSTICA","3","12","0"
"2022","105.803","73026","73","ACTIVO","JORGE ANDRES RAMIREZ ROJAS","TOLIMA","ALVARADO","OTROS TIPOS DE HOSPEDAJE TURÍSTICOS NO PERMANENTES","OTROS TIPOS DE HOSPEDAJE TURÍSTICOS NO PERMANENTES","2","2","0"
"2022","136.368","73026","73","ACTIVO","HOTEL BELLO AMANECER","TOLIMA","ALVARADO","ESTABLECIMIENTOS DE ALOJAMIENTO TURÍSTICO","HOTEL","10","13","1"
"2023","6.865","73026","73","ACTIVO","HOTEL ELICARVES","TOLIMA","ALVARADO","ESTABLECIMIENTOS DE ALOJAMIENTO TURÍSTICO","HOTEL","15","22","1"
"2023","17.582","73026","73","ACTIVO","FINCA AGROTURISTICA EL PALMAR","TOLIMA","ALVARADO","VIVIENDAS TURÍSTICAS","FINCAS TURÍSTICAS (ALOJAMIENTO RURAL)","4","40","0"
"2023","60.224","73026","73","ACTIVO","FINCA ARIZONA","TOLIMA","ALVARADO","VIVIENDAS TURÍSTICAS","FINCAS TURÍSTICAS (ALOJAMIENTO RURAL)","25","50","0"
"2023","70.067","73026","73","ACTIVO","FINCA EL PARAISO MA","TOLIMA","ALVARADO","VIVIENDAS TURÍSTICAS","OTROS TIPOS DE VIVIENDA TURÍSTICA","3","12","0"
"2023","136.368","73026","73","ACTIVO","HOTEL BELLO AMANECER","TOLIMA","ALVARADO","ESTABLECIMIENTOS DE ALOJAMIENTO TURÍSTICO","HOTEL","10","13","1"
"2023","159.178","73026","73","ACTIVO","ZONA DE CAMPING LA CATTLEYA","TOLIMA","ALVARADO","ESTABLECIMIENTOS DE ALOJAMIENTO TURÍSTICO","CAMPAMENTO","10","20","1"
"2023","163.478","73026","73","ACTIVO","HACIENDA LA GUAIRA PARQUE NACIONAL DEL ARROZ","TOLIMA","ALVARADO","ESTABLECIMIENTOS DE ALOJAMIENTO TURÍSTICO","CENTRO VACACIONAL","15","84","2"
"2023","168.431","73026","73","ACTIVO","HOSPEDAJE EDS EL COYOTE","TOLIMA","ALVARADO","ESTABLECIMIENTOS DE ALOJAMIENTO TURÍSTICO","HOTEL","22","44","2"
"2023","181.030","73026","73","ACTIVO","YENNY ELIZABETH QUIROGA PARRA","TOLIMA","ALVARADO","VIVIENDAS TURÍSTICAS","CASA TURÍSTICA","8","8","0"
"2023","182.251","73026","73","ACTIVO","MARIA CAMILA OCAMPO LOZANO","TOLIMA","ALVARADO","VIVIENDAS TURÍSTICAS","FINCAS TURÍSTICAS (ALOJAMIENTO RURAL)","1","8","0"
"2024","6.865","73026","73","ACTIVO","HOTEL ELICARVES","TOLIMA","ALVARADO","ESTABLECIMIENTOS DE ALOJAMIENTO TURÍSTICO","HOTEL","15","22","1"
"2024","17.582","73026","73","ACTIVO","FINCA AGROTURISTICA EL PALMAR","TOLIMA","ALVARADO","VIVIENDAS TURÍSTICAS","FINCAS TURÍSTICAS (ALOJAMIENTO RURAL)","4","40","0"
"2024","60.224","73026","73","ACTIVO","FINCA ARIZONA","TOLIMA","ALVARADO","VIVIENDAS TURÍSTICAS","FINCAS TURÍSTICAS (ALOJAMIENTO RURAL)","10","26","0"
"2024","70.067","73026","73","ACTIVO","FINCA EL PARAISO MA","TOLIMA","ALVARADO","VIVIENDAS TURÍSTICAS","OTROS TIPOS DE VIVIENDA TURÍSTICA","3","12","0"
"2024","163.478","73026","73","ACTIVO","HACIENDA LA GUAIRA PARQUE NACIONAL DEL ARROZ","TOLIMA","ALVARADO","ESTABLECIMIENTOS DE ALOJAMIENTO TURÍSTICO","CENTRO VACACIONAL","15","82","5"
"2024","168.431","73026","73","ACTIVO","HOSPEDAJE EDS EL COYOTE","TOLIMA","ALVARADO","ESTABLECIMIENTOS DE ALOJAMIENTO TURÍSTICO","HOTEL","22","44","1"
"2024","182.251","73026","73","ACTIVO","MARIA CAMILA OCAMPO LOZANO","TOLIMA","ALVARADO","VIVIENDAS TURÍSTICAS","FINCAS TURÍSTICAS (ALOJAMIENTO RURAL)","1","8","0"
"2024","193.048","73026","73","ACTIVO","HOTEL BELLO AMANECER ALVARADO","TOLIMA","ALVARADO","ESTABLECIMIENTOS DE ALOJAMIENTO TURÍSTICO","HOTEL","1","10","1"
"2024","194.359","73026","73","ACTIVO","GLADYS YAZMIN BOBADILLA DE DURAN","TOLIMA","ALVARADO","VIVIENDAS TURÍSTICAS","CASA TURÍSTICA","14","10","0"
"2024","195.656","73026","73","ACTIVO","FINCA AGROTURISTICA PARAISO DE COLORES","TOLIMA","ALVARADO","VIVIENDAS TURÍSTICAS","FINCAS TURÍSTICAS (ALOJAMIENTO RURAL)","1","4","0"
"2024","199.388","73026","73","ACTIVO","MARIO FERNANDO ARAQUE DE LOS RIOS","TOLIMA","ALVARADO","VIVIENDAS TURÍSTICAS","CASA TURÍSTICA","18","18","0"
"2024","200.103","73026","73","ACTIVO","JUAN GUILLERMO ARBOLEDA SANCHEZ","TOLIMA","ALVARADO","VIVIENDAS TURÍSTICAS","CASA TURÍSTICA","1","5","0"
"2024","205.012","73026","73","ACTIVO","GONZALEZ VARGAS CLAUDIA","TOLIMA","ALVARADO","VIVIENDAS TURÍSTICAS","CASA TURÍSTICA","6","20","0"
"2024","205.191","73026","73","ACTIVO","HOTEL CAMPESTRE DE LA VILLA REAL","TOLIMA","ALVARADO","ESTABLECIMIENTOS DE ALOJAMIENTO TURÍSTICO","HOTEL","12","50","1"
"2024","209.969","73026","73","ACTIVO","HOTEL JERONIMO C.","TOLIMA","ALVARADO","ESTABLECIMIENTOS DE ALOJAMIENTO TURÍSTICO","HOTEL","1","16","1"
"2024","211.857","73026","73","ACTIVO","GLORIA MERCEDES BERMUDEZ BARRERO","TOLIMA","ALVARADO","VIVIENDAS TURÍSTICAS","CASA TURÍSTICA","1","20","0"
"2024","216.496","73026","73","ACTIVO","HOSPEDAJE EDS CALDAS VIEJO","TOLIMA","ALVARADO","ESTABLECIMIENTOS DE ALOJAMIENTO TURÍSTICO","HOTEL","17","17","1"
"2024","219.354","73026","73","ACTIVO","HOTEL EL DIAMANTE 1","TOLIMA","ALVARADO","ESTABLECIMIENTOS DE ALOJAMIENTO TURÍSTICO","HOTEL","20","40","1"
"2024","224.556","73026","73","ACTIVO","FINCA ECOTURISTICA VILLA LA HIJARANA","TOLIMA","ALVARADO","VIVIENDAS TURÍSTICAS","FINCAS TURÍSTICAS (ALOJAMIENTO RURAL)","4","25","0"
"2024","225.568","73026","73","ACTIVO","BARRIOS PINTO KAREN YULIETH","TOLIMA","ALVARADO","VIVIENDAS TURÍSTICAS","CASA TURÍSTICA","1","10","0"
"2025","6.865","73026","73","ACTIVO","HOTEL ELICARVES","TOLIMA","ALVARADO","ESTABLECIMIENTOS DE ALOJAMIENTO TURÍSTICO","HOTEL","15","22","4"
"2025","17.582","73026","73","ACTIVO","FINCA AGROTURISTICA EL PALMAR","TOLIMA","ALVARADO","VIVIENDAS TURÍSTICAS","FINCAS TURÍSTICAS (ALOJAMIENTO RURAL)","4","40","0"
"2025","60.224","73026","73","ACTIVO","FINCA ARIZONA","TOLIMA","ALVARADO","VIVIENDAS TURÍSTICAS","FINCAS TURÍSTICAS (ALOJAMIENTO RURAL)","10","26","0"
"2025","70.067","73026","73","ACTIVO","FINCA EL PARAISO MA","TOLIMA","ALVARADO","VIVIENDAS TURÍSTICAS","OTROS TIPOS DE VIVIENDA TURÍSTICA","3","12","0"
"2025","163.478","73026","73","ACTIVO","HACIENDA LA GUAIRA PARQUE NACIONAL DEL ARROZ","TOLIMA","ALVARADO","ESTABLECIMIENTOS DE ALOJAMIENTO TURÍSTICO","CENTRO VACACIONAL","15","82","1"
"2025","168.431","73026","73","ACTIVO","HOSPEDAJE EDS EL COYOTE","TOLIMA","ALVARADO","ESTABLECIMIENTOS DE ALOJAMIENTO TURÍSTICO","HOTEL","22","44","6"
"2025","193.048","73026","73","ACTIVO","HOTEL BELLO AMANECER ALVARADO","TOLIMA","ALVARADO","ESTABLECIMIENTOS DE ALOJAMIENTO TURÍSTICO","HOTEL","1","10","1"
"2025","194.359","73026","73","ACTIVO","GLADYS YAZMIN BOBADILLA DE DURAN","TOLIMA","ALVARADO","VIVIENDAS TURÍSTICAS","CASA TURÍSTICA","14","10","0"
"2025","195.656","73026","73","ACTIVO","FINCA AGROTURISTICA PARAISO DE COLORES","TOLIMA","ALVARADO","VIVIENDAS TURÍSTICAS","FINCAS TURÍSTICAS (ALOJAMIENTO RURAL)","1","4","0"
"2025","199.388","73026","73","ACTIVO","MARIO FERNANDO ARAQUE DE LOS RIOS","TOLIMA","ALVARADO","VIVIENDAS TURÍSTICAS","CASA TURÍSTICA","18","18","0"
"2025","200.103","73026","73","ACTIVO","JUAN GUILLERMO ARBOLEDA SANCHEZ","TOLIMA","ALVARADO","VIVIENDAS TURÍSTICAS","CASA TURÍSTICA","1","5","0"
"2025","205.012","73026","73","ACTIVO","GONZALEZ VARGAS CLAUDIA","TOLIMA","ALVARADO","VIVIENDAS TURÍSTICAS","CASA TURÍSTICA","6","20","0"
"2025","205.191","73026","73","ACTIVO","HOTEL CAMPESTRE DE LA VILLA REAL","TOLIMA","ALVARADO","ESTABLECIMIENTOS DE ALOJAMIENTO TURÍSTICO","HOTEL","16","50","4"
"2025","209.969","73026","73","ACTIVO","HOTEL JERONIMO C.","TOLIMA","ALVARADO","ESTABLECIMIENTOS DE ALOJAMIENTO TURÍSTICO","HOTEL","1","16","1"
"2025","216.496","73026","73","ACTIVO","HOSPEDAJE EDS CALDAS VIEJO","TOLIMA","ALVARADO","ESTABLECIMIENTOS DE ALOJAMIENTO TURÍSTICO","HOTEL","17","17","5"
"2025","219.354","73026","73","ACTIVO","HOTEL EL DIAMANTE 1","TOLIMA","ALVARADO","ESTABLECIMIENTOS DE ALOJAMIENTO TURÍSTICO","HOTEL","20","40","5"
"2025","224.556","73026","73","ACTIVO","FINCA ECOTURISTICA VILLA LA HIJARANA","TOLIMA","ALVARADO","VIVIENDAS TURÍSTICAS","FINCAS TURÍSTICAS (ALOJAMIENTO RURAL)","4","25","0"
"2025","225.568","73026","73","ACTIVO","BARRIOS PINTO KAREN YULIETH","TOLIMA","ALVARADO","VIVIENDAS TURÍSTICAS","CASA TURÍSTICA","1","10","0"
"2025","243.442","73026","73","ACTIVO","LOPEZ ZAMBRANO HENRY ALEXANDER","TOLIMA","ALVARADO","VIVIENDAS TURÍSTICAS","CASA TURÍSTICA","1","20","0"
"2025","270.624","73026","73","ACTIVO","LA TRIBUNA PARQUE DE LA PANELA","TOLIMA","ALVARADO","PARQUES TEMÁTICOS","PARQUE DE AGROTURISMO","0","0","0"
"2026","6.865","73026","73","ACTIVO","HOTEL ELICARVES","TOLIMA","ALVARADO","ESTABLECIMIENTOS DE ALOJAMIENTO TURÍSTICO","HOTEL","13","22","1"
"2026","17.582","73026","73","ACTIVO","FINCA AGROTURISTICA EL PALMAR","TOLIMA","ALVARADO","VIVIENDAS TURÍSTICAS","FINCAS TURÍSTICAS (ALOJAMIENTO RURAL)","4","35","1"
"2026","60.224","73026","73","ACTIVO","FINCA ARIZONA","TOLIMA","ALVARADO","VIVIENDAS TURÍSTICAS","FINCAS TURÍSTICAS (ALOJAMIENTO RURAL)","10","26","0"
"2026","70.067","73026","73","ACTIVO","FINCA EL PARAISO MA","TOLIMA","ALVARADO","VIVIENDAS TURÍSTICAS","OTROS TIPOS DE VIVIENDA TURÍSTICA","3","12","0"
"2026","163.478","73026","73","ACTIVO","HACIENDA LA GUAIRA PARQUE NACIONAL DEL ARROZ","TOLIMA","ALVARADO","ESTABLECIMIENTOS DE ALOJAMIENTO TURÍSTICO","CENTRO VACACIONAL","14","68","1"
"2026","193.048","73026","73","ACTIVO","HOTEL BELLO AMANECER ALVARADO","TOLIMA","ALVARADO","ESTABLECIMIENTOS DE ALOJAMIENTO TURÍSTICO","HOTEL","1","10","1"
"2026","194.359","73026","73","ACTIVO","GLADYS YAZMIN BOBADILLA DE DURAN","TOLIMA","ALVARADO","VIVIENDAS TURÍSTICAS","CASA TURÍSTICA","14","10","0"
"2026","200.103","73026","73","ACTIVO","JUAN GUILLERMO ARBOLEDA SANCHEZ","TOLIMA","ALVARADO","VIVIENDAS TURÍSTICAS","CASA TURÍSTICA","1","8","0"
"2026","205.012","73026","73","ACTIVO","GONZALEZ VARGAS CLAUDIA","TOLIMA","ALVARADO","VIVIENDAS TURÍSTICAS","CASA TURÍSTICA","6","20","0"
"2026","209.969","73026","73","ACTIVO","HOTEL JERONIMO C.","TOLIMA","ALVARADO","ESTABLECIMIENTOS DE ALOJAMIENTO TURÍSTICO","HOTEL","1","16","1"
"2026","219.354","73026","73","ACTIVO","HOTEL EL DIAMANTE 1","TOLIMA","ALVARADO","ESTABLECIMIENTOS DE ALOJAMIENTO TURÍSTICO","HOTEL","20","40","2"
"2026","225.568","73026","73","ACTIVO","BARRIOS PINTO KAREN YULIETH","TOLIMA","ALVARADO","VIVIENDAS TURÍSTICAS","CASA TURÍSTICA","1","10","0"
"2026","243.442","73026","73","ACTIVO","LOPEZ ZAMBRANO HENRY ALEXANDER","TOLIMA","ALVARADO","VIVIENDAS TURÍSTICAS","CASA TURÍSTICA","1","20","1"
"2026","270.624","73026","73","ACTIVO","LA TRIBUNA PARQUE DE LA PANELA","TOLIMA","ALVARADO","PARQUES TEMÁTICOS","PARQUE DE AGROTURISMO","0","0","0"
"2026","282.234","73026","73","ACTIVO","SAM TOURS","TOLIMA","ALVARADO","AGENCIAS DE VIAJES","AGENCIAS DE VIAJES Y DE TURISMO","0","0","0"
"2026","284.726","73026","73","ACTIVO","FINCA TURISTICA PARAISO","TOLIMA","ALVARADO","VIVIENDAS TURÍSTICAS","FINCAS TURÍSTICAS (ALOJAMIENTO RURAL)","2","14","0"
"2026","287.573","73026","73","ACTIVO","TRUJILLO VALERO NIDIA ISABEL","TOLIMA","ALVARADO","GUIAS DE TURISMO","GUIA DE TURISMO","0","0","1"
"2026","288.296","73026","73","ACTIVO","HOTEL EL DIAMANTE 2","TOLIMA","ALVARADO","ESTABLECIMIENTOS DE ALOJAMIENTO TURÍSTICO","HOTEL","1","40","1"
"2026","293.534","73026","73","ACTIVO","LA ESPERANZA HOTEL","TOLIMA","ALVARADO","ESTABLECIMIENTOS DE ALOJAMIENTO TURÍSTICO","HOTEL","22","25","1"
