"Establecimiento","Barrio_Domicilio","Ubicacion_Domicilio","Tipo_Comercio","Medios_Pago"
"Juana","Centro","Local","Formal","Efectivo, Billeteras Digitales"
"Emilu","Centro","Vivienda","Formal","Efectivo, Billeteras Digitales"
"Prints","Centro","Local","Formal","Efectivo, Billeteras Digitales"
"Reinas y princesas","Centro","Local","Formal","Efectivo, Billeteras Digitales"
"STARS Y AQUILER  Y EVENTOS  S.A.S BIC","La Pradera","Oficina","Formal","Efectivo"
"Grupo C&M eventos","Progreso","Vivienda","Formal","Efectivo, Billeteras Digitales"
"Empanadas ambulantes","Centro","Otro","Informal","Efectivo"
"Lotería y rifas julio","La Shell","Otro","Informal","Efectivo"
"Artesanías Siona","Palo Marcado","Otro","Informal","Efectivo"
"Manualidades y artesanías mari","Carolina","Vivienda","Informal","Efectivo, Billeteras Digitales"
"Banco agrario","Centro","Local","Formal","Efectivo, Billeteras Digitales, Tarjeta Debito, Tarjeta Crédito"
"Mary","La Gabrielina","Vivienda","Informal","Efectivo, Billeteras Digitales"
"Cosechas","Centro","Local","Formal","Efectivo, Billeteras Digitales"
"Semillas","Centro","Local","Formal","Efectivo, Billeteras Digitales"
"Siempre bella","Centro","Local","Formal","Efectivo, Billeteras Digitales"
"De León bicicleteria","Centro","Local","Formal","Efectivo, Billeteras Digitales"
"Billares el Nogal","Centro","Local","Formal","Efectivo"
"Chicle sport","Centro","Local","Formal","Efectivo, Billeteras Digitales"
"Diana","Centro","Local","Informal","Efectivo, Billeteras Digitales"
"Perfecti","Centro","Local","Formal","Efectivo, Billeteras Digitales"
"Ponte linda moda","El Triángulo","Vivienda","Informal","Efectivo, Billeteras Digitales"
"Solo chiros","Centro","Local","Formal","Efectivo, Billeteras Digitales"
"Vamos donde mathi","La Carolina","Vivienda","Formal","Efectivo, Billeteras Digitales"
"Accesorios Martina","Centro","Local","Formal","Efectivo, Billeteras Digitales"
"Osebutv","Centro","Local","Formal","Efectivo, Billeteras Digitales"
"Cafeteria doña Ceci","La Shell","Vivienda","Informal","Efectivo, Billeteras Digitales"
"La casa del sabor","La Shell","Vivienda","Informal","Efectivo"
"Carnes finas del llano FT","Centro","Local","Formal","Efectivo, Billeteras Digitales"
"Districarnes la Economia","Centro","Vivienda","Formal","Efectivo, Billeteras Digitales, Tarjeta Debito, Tarjeta Crédito"
"La villa","Centro","Local","Formal","Efectivo, Billeteras Digitales"
"Comunicaciones Winlook. Team","Centro","Local","Formal","Efectivo, Billeteras Digitales"
"Corresponsal alba","Centro","Local","Formal","Efectivo, Billeteras Digitales"
"Innova","Centro","Local","Informal","Efectivo, Billeteras Digitales"
"Sanfred","Centro","Local","Formal","Efectivo, Billeteras Digitales"
"Tecnicastilla","Centro","Local","Formal","Efectivo, Billeteras Digitales"
"Tecnología JJ","Centro","Local","Formal","Efectivo, Billeteras Digitales"
"Asociacion ecoturismo naturaleza","La Gabrielina","Bodega","Formal","Efectivo, Billeteras Digitales"
"Ecologistas en acción","La Shell","Vivienda","Formal","Efectivo, Billeteras Digitales"
"Comercializadora El Castillo Magico","Centro","Local","Formal","Efectivo"
"Pare y coma donde josh","Villa Checop","Otro","Informal","Efectivo"
"Fritos yuyas","La Carolina","Vivienda","Informal","Efectivo, Billeteras Digitales"
"Gerome comidas rápidas","Caja Agraria","Local","Informal","Efectivo, Billeteras Digitales"
"Comidas Marisol","Carolina","Vivienda","Informal","Efectivo"
"Confecciones Anyi BO diseños","La Gabrielina","Vivienda","Formal","Efectivo"
"Confecciones Francy","Palo Marcado","Vivienda","Informal","Efectivo"
"Confecciones Maya","La Gabrielina","Vivienda","Informal","Efectivo"
"Setagis","Palo Marcado","Vivienda","Informal","Efectivo, Billeteras Digitales"
"Con suerte","Centro","Local","Formal","Efectivo, Billeteras Digitales"
"Córdoba","Centro","Local","Informal","Efectivo, Billeteras Digitales"
"Papeleria punto red","Centro","Vivienda","Formal","Efectivo, Billeteras Digitales"
"JP sport","La Shell","Vivienda","Formal","Efectivo, Billeteras Digitales"
"Lili","Centro","Local","Formal","Efectivo, Billeteras Digitales"
"Luna Lunera","La Carolina","Vivienda","Formal","Efectivo, Billeteras Digitales"
"Diseños HR","Sápitos","Vivienda","Formal","Efectivo, Billeteras Digitales"
"Distriservicios Ay D","Centro","Local","Formal","Efectivo, Billeteras Digitales"
"Sirenas","Centro","Vivienda","Formal","Efectivo, Billeteras Digitales"
"Pollo Amarillo","Centro","Local","Formal","Efectivo, Billeteras Digitales, Tarjeta Debito, Tarjeta Crédito"
"Droguería farmasalud","Centro","Local","Formal","Efectivo, Billeteras Digitales"
"Droguería Ferland","Centro","Local","Formal","Efectivo, Billeteras Digitales"
"Droguería Niza","Centro","Local","Formal","Efectivo, Billeteras Digitales, Tarjeta Debito, Tarjeta Crédito"
"Electrodomésticos alba","Centro","Bodega","Formal","Efectivo, Billeteras Digitales"
"Danna Kokoroko","Vereda Arenales","Vivienda","Informal","Efectivo"
"Empanadas nuevas *","El Triángulo","Vivienda","Informal","Efectivo, Billeteras Digitales"
"La esquina empanadas","Carolina","Vivienda","Informal","Efectivo, Billeteras Digitales"
"Foto digital","Centro","Local","Informal","Efectivo, Billeteras Digitales"
"Monqifruit","Vereda Caño Grande","Finca","Formal","Efectivo, Billeteras Digitales"
"Tónicos Mauricio","La Gabrielina","Vivienda","Informal","Efectivo, Billeteras Digitales"
"Ferretería agranda","El Triángulo","Local","Formal","Efectivo, Billeteras Digitales, Tarjeta Debito, Tarjeta Crédito"
"Ferretería Guadalupana","El Triángulo","Vivienda","Formal","Efectivo, Billeteras Digitales"
"Multiservicios el pariente","La Shell","Vivienda","Formal","Efectivo, Billeteras Digitales"
"Floristería María José","Centro","Local","Formal","Efectivo, Billeteras Digitales"
"Agualaboca","La Shell","Vivienda","Informal","Efectivo, Billeteras Digitales"
"El esquinazo","Centro","Otro","Informal","Efectivo"
"MAPI","Centro","Local","Formal","Efectivo, Billeteras Digitales"
"Surtifruver de castilla","El Triángulo","Local","Formal","Efectivo, Billeteras Digitales"
"Estación de servicio la castellana","El Paraíso","Local","Formal","Efectivo, Billeteras Digitales, Tarjeta Debito, Tarjeta Crédito"
"Aber gym","La Shell","Local","Formal","Efectivo"
"Elite gym","Centro","Local","Formal","Efectivo, Billeteras Digitales"
"Fitness d y m energy","San Francisco","Bodega","Informal","Efectivo, Billeteras Digitales"
"W Elite fitness","Caja Agraria","Local","Formal","Efectivo, Billeteras Digitales"
"Artfood caramelo","La Shell","Vivienda","Formal","Efectivo, Billeteras Digitales"
"Del estable express","La Carolina","Local","Formal","Efectivo, Billeteras Digitales"
"El rancho Burguer","La Gabrielina","Vivienda","Informal","Efectivo, Billeteras Digitales"
"Hamburguesas con amor","Caja Agraria","Vivienda","Formal","Efectivo, Billeteras Digitales"
"Heladeria Alaska","La Shell","Vivienda","Informal","Efectivo"
"Helados Doña Olí.","El Progreso","Vivienda","Informal","Efectivo, Billeteras Digitales"
"Helados el miguelito","Palo Marcado","Vivienda","Informal","Efectivo"
"Dulce tentación","Centro","Local","Formal","Efectivo, Billeteras Digitales"
"Heladeria y frutería Cero grados","Villa Milena","Vivienda","Formal","Efectivo, Billeteras Digitales"
"Heladeria La Tentación","Centro","Local","Formal","Efectivo"
"Casa verde","Vereda Cacayal","Vivienda","Formal","Efectivo, Billeteras Digitales"
"Erika Guerra","Centro","Local","Formal","Efectivo, Billeteras Digitales"
"Finca agroturistica villa sofi","La Vara Vereda Cacayal","Vivienda","Formal","Efectivo, Billeteras Digitales"
"Hotel familiar Juanjo","Centro","Vivienda","Formal","Efectivo, Billeteras Digitales"
"Hotel restaurante plaza real","La Shell","Otro","Formal","Efectivo, Billeteras Digitales"
"Brillo cars el mono","El Triángulo","Bodega","Formal","Efectivo, Billeteras Digitales"
"Sabanas dulce corazón de María","La Gabrielina","Vivienda","Informal","Efectivo, Billeteras Digitales"
"Interrapidisimo","Centro","Local","Formal","Efectivo, Billeteras Digitales"
"Kimlin servientrega","Centro","Local","Formal","Efectivo, Billeteras Digitales"
"Alejandra parra Romero odontologia","El Triángulo","Local","Formal","Efectivo, Billeteras Digitales"
"Romero Santamaría","Centro","Local","Informal","Efectivo, Billeteras Digitales"
"Welder Jk","Centro","Local","Informal","Efectivo, Billeteras Digitales"
"El taita","Centro","Local","Informal","Efectivo, Billeteras Digitales"
"La inglesa","Centro","Local","Formal","Efectivo, Billeteras Digitales"
"Panadería la castellana","Centro","Local","Formal","Efectivo, Billeteras Digitales"
"Panadería Trigo y Cafe","Centro","Local","Formal","Efectivo, Billeteras Digitales"
"EKA  RS soluciones","La Shell","Vivienda","Formal","Efectivo"
"Miscelánea amiga","Centro","Local","Formal","Efectivo, Billeteras Digitales"
"Papeleria Kevin","Centro","Local","Formal","Efectivo, Billeteras Digitales"
"Papeleria la crespa","La Shell","Local","Formal","Efectivo, Billeteras Digitales"
"Papelytos","Centro","Local","Formal","Efectivo, Billeteras Digitales"
"Servicio y publicidad araguaney","La Shell","Vivienda","Formal","Efectivo"
"Variedades vanegas","La Shell","Vivienda","Informal","Efectivo"
"Hilos y perlas","Triangulo","Vivienda","Formal","Efectivo, Billeteras Digitales"
"Barbershop a tu estilo","Centro","Local","Formal","Efectivo, Billeteras Digitales"
"Ch Analí spa","Carolina","Vivienda","Informal","Efectivo, Billeteras Digitales"
"David barber","Centro","Local","Informal","Efectivo"
"Distri estilo y color","Centro","Local","Formal","Efectivo, Billeteras Digitales"
"Estilo Nubi","La Gabrielina","Local","Informal","Efectivo, Billeteras Digitales"
"Fashion koll","La Carolina","Vivienda","Formal","Efectivo, Billeteras Digitales"
"Miradas mágicas","Caja Agraria","Vivienda","Informal","Efectivo, Billeteras Digitales"
"My tatys Nails","Centro","Local","Informal","Efectivo, Billeteras Digitales"
"Peluquería Alexandra","Centro","Local","Formal","Efectivo, Billeteras Digitales"
"Sala de belleza JL","La Shell","Vivienda","Formal","Efectivo, Billeteras Digitales"
"Sala de belleza Rochi","Paraíso","Vivienda","Formal","Efectivo, Billeteras Digitales"
"Spa Vanesa Perez","Villa Milena","Local","Informal","Efectivo, Billeteras Digitales"
"Vikingos barbershop","Centro","Vivienda","Formal","Efectivo, Billeteras Digitales"
"Spa arte violeta","El Paraíso","Vivienda","Informal","Efectivo, Billeteras Digitales"
"Spa Daniela Alfonso","La Carolina","Vivienda","Formal","Efectivo, Billeteras Digitales"
"Bendita trinidad","Centro","Vivienda","Informal","Efectivo, Billeteras Digitales"
"M Y R","Centro","Local","Informal","Efectivo, Billeteras Digitales"
"Milán","Centro","Local","Informal","Efectivo, Billeteras Digitales"
"Afta diseños","La Shell","Vivienda","Formal","Efectivo, Billeteras Digitales"
"Creo Ary","La Gabrielina","Vivienda","Informal","Efectivo"
"Peluditos y emplumados","La Shell","Vivienda","Informal","Efectivo"
"Huellas","Centro","Local","Formal","Efectivo, Billeteras Digitales"
"Trival pinturas","Centro","Local","Formal","Efectivo, Billeteras Digitales"
"Dinos pizza","La Carolina","Vivienda","Formal","Efectivo, Billeteras Digitales"
"Pizzería James","Villa Checop","Vivienda","Formal","Efectivo, Billeteras Digitales"
"DC ProduccionesYEnventos del llano S.A.S","Villa Milena","Oficina","Formal","Efectivo, Billeteras Digitales, Tarjeta Debito"
"María Rosa","Centro","Local","Formal","Efectivo, Billeteras Digitales"
"Milagros","La Carolina","Vivienda","Formal","Efectivo, Billeteras Digitales"
"La magia de la limpieza","Caja Agraria","Vivienda","Formal","Efectivo, Billeteras Digitales, Tarjeta Debito, Tarjeta Crédito"
"El Rincon de la cocina","Centro","Local","Informal","Efectivo"
"Remontadora de san Benito","Centro","Otro","Informal","Efectivo"
"Caldo parado","Centro","Local","Formal","Efectivo, Billeteras Digitales"
"Casero","Centro","Vivienda","Informal","Efectivo, Billeteras Digitales"
"Casino sabor llanero","Centro","Local","Formal","Efectivo, Billeteras Digitales"
"El cafecito doña Marlén","La Carolina","Local","Informal","Efectivo, Billeteras Digitales"
"La grasa al rojo","Santa Teresa","Local","Formal","Efectivo"
"Restaurante el rolo","La Shell","Vivienda","Informal","Efectivo, Billeteras Digitales"
"La brasa al rojo","Centro","Local","Formal","Efectivo, Billeteras Digitales"
"Café gourmet el arriero","Centro","Local","Informal","Efectivo, Billeteras Digitales"
"Parque Cacayal","Chichimene","Otro","Formal","Efectivo, Billeteras Digitales, Tarjeta Debito, Tarjeta Crédito"
"Lavandería Qué hay pa’la mente","La Pradera","Local","Formal","Tarjeta Debito"
"Agroferiacampesina","Centro","Local","Formal","Efectivo, Billeteras Digitales"
"Ahorro más grand","Paraíso","Local","Formal","Efectivo, Billeteras Digitales"
"El ahorro el toro","Centro","Local","Formal","Efectivo, Billeteras Digitales"
"El granero m y m","Centro","Local","Formal","Efectivo, Billeteras Digitales"
"Surtifruver","El Triángulo","Local","Formal","Efectivo, Billeteras Digitales"
"Castimotos","Centro","Local","Formal","Efectivo, Billeteras Digitales"
"Bici motos ofmega","La Shell","Vivienda","Formal","Efectivo, Billeteras Digitales"
"Almacén y taller de motos el dorado","El Triángulo","Local","Formal","Efectivo, Billeteras Digitales"
"Metálicas y estructuras jkmyc urrego","La Shell","Local","Formal","Efectivo"
"Kano motos taller","Centro","Local","Formal","Efectivo, Billeteras Digitales"
"Taller chucho motos","Triangulo","Local","Formal","Efectivo, Billeteras Digitales"
"Tacos del chef colombiano","La Carolina","Local","Formal","Efectivo, Billeteras Digitales"
"Andrey Castilla","Pradera","Local","Formal","Efectivo, Billeteras Digitales"
"Bets online","La Shell","Local","Informal","Efectivo, Billeteras Digitales"
"Cafetería stefanny","El Triángulo","Local","Informal","Efectivo, Billeteras Digitales"
"El domicilio","Centro","Local","Formal","Efectivo, Billeteras Digitales"
"El Rincon","La Gabrielina","Vivienda","Informal","Efectivo"
"Esmeralda Shell","La Gabrielina","Vivienda","Informal","Efectivo"
"Juana","Centro","Vivienda","Formal","Efectivo, Billeteras Digitales"
"Mini Mercado riva","La Shell","Vivienda","Formal","Efectivo"
"Ok Bueno Lopez","La Gabrielina","Vivienda","Formal","Efectivo"
"Tienda de abarrotes Ana","Centro","Vivienda","Formal","Efectivo"
"Tienda donde Beti","El Paraíso","Vivienda","Informal","Efectivo"
"Tienda el centro","Centro","Vivienda","Formal","Efectivo, Billeteras Digitales"
"Tienda el triángulo J","Triangulo","Vivienda","Formal","Efectivo"
"Tienda la abuela","La Gabrielina","Vivienda","Informal","Efectivo"
"Tienda la economía","La Shell","Vivienda","Formal","Efectivo"
"Tienda la esquina","Palo Marcado","Vivienda","Informal","Efectivo, Billeteras Digitales"
"Tienda lucí de Castilla","La Shell","Vivienda","Formal","Efectivo"
"Tienda Maria o","Carolina","Vivienda","Formal","Efectivo"
"Tienda Marial","La Shell","Local","Formal","Efectivo"
"Tienda naturista shalom","Centro","Local","Formal","Efectivo, Tarjeta Crédito"
"Tienda rubielita","Palo Marcado","Vivienda","Informal","Efectivo"
"Tienda supervariedades Joker","El Paraíso","Vivienda","Formal","Efectivo, Billeteras Digitales"
"Camellia flowers","La Carolina","Local","Formal","Efectivo, Billeteras Digitales"
"Variedades san Valentín","Centro","Local","Formal","Efectivo, Billeteras Digitales"
"Shalom","Centro","Local","Formal","Efectivo, Billeteras Digitales"
"Diana","Centro","Local","Formal","Efectivo, Billeteras Digitales"
"Mega descuentos","Centro","Local","Informal","Efectivo, Billeteras Digitales"
"Remates Elizabeth","Centro","Local","Formal","Efectivo, Billeteras Digitales"
"Todo a 5.000 y 10.000","Centro","Vivienda","Formal","Efectivo, Billeteras Digitales"
"Tornillería peugeot","Centro","Local","Formal","Efectivo"
"Extintores leidy","La Shell","Vivienda","Formal","Efectivo, Billeteras Digitales"
"Punto saludable","La Gabrielina","Otro","Informal","Efectivo, Billeteras Digitales"
"Sin nombre","Altos de San José","Vivienda","Informal","Efectivo, Billeteras Digitales"
"JJ vidrios y aluminios","Triangulo","Vivienda","Formal","Efectivo, Billeteras Digitales"
"Viejoteca","La Shell","Local","Informal","Efectivo"
"Comercializadora Ramirez","Centro","Local","Formal","Efectivo, Billeteras Digitales"
"La Economia","Centro","Local","Formal","Efectivo, Billeteras Digitales"
"La stación beer","Centro","Local","Formal","Efectivo, Billeteras Digitales"
"Agro finca del llana","Centro","Local","Formal","Efectivo"
"Tecniservicios jj","Centro","Local","Formal","Efectivo, Billeteras Digitales"
"Deliarepas del llano","Centro","Vivienda","Formal","Efectivo, Billeteras Digitales"
"Droguería farma azul NA","Centro","Local","Formal","Efectivo, Billeteras Digitales"
"Droguería la castellana wf","Santa Teresa","Local","Formal","Efectivo, Billeteras Digitales, Tarjeta Debito, Tarjeta Crédito"
"Óptica salud visual","Centro","Local","Formal","Efectivo, Billeteras Digitales"
"Cerrajería el centro","Centro","Local","Formal","Efectivo, Billeteras Digitales"
"Asadero y restaurante","Santa Teresa","Local","Formal","Efectivo, Billeteras Digitales"
"D1 Sas","Centro","Bodega","Formal","Efectivo, Billeteras Digitales, Tarjeta Debito, Tarjeta Crédito"
"Remate Diana","Santa Teresa","Local","Formal","Efectivo, Billeteras Digitales"
"Merca Fruver","Centro","Local","Formal","Efectivo, Billeteras Digitales"
"Jennifer masmela nails spa","Centro","Local","Formal","Efectivo, Billeteras Digitales, Tarjeta Debito, Tarjeta Crédito"
"Tiendas de ropa Diana","Santa Teresa","Local","Formal","Efectivo, Billeteras Digitales"
"Tienda doña Rosa","Olga Lucia","Vivienda","Informal","Efectivo"
"Depósito Galindo Castilla","Santa Teresa","Local","Formal","Efectivo, Billeteras Digitales"
"Las delicias de yoli","Santa Teresa","Local","Formal","Efectivo, Billeteras Digitales"
"NT","Villa Checop","Vivienda","Informal","Efectivo"
"Derretido Castilla SAS","Villa Teresa","Local","Formal","Efectivo, Billeteras Digitales, Tarjeta Debito, Tarjeta Crédito"
"Danepan","Villa Checop","Local","Formal","Efectivo, Billeteras Digitales"
"Caseta cancha de fútbol","Villa Checop","Otro","Informal","Efectivo"
"Lechoneria gordo opita","Villa Checop","Vivienda","Formal","Efectivo, Billeteras Digitales"
"Venta de platano","Villa Checop","Vivienda","Informal","Efectivo"
"Zareth restaurante","Villa Checop","Local","Formal","Efectivo, Billeteras Digitales"
"Restaurante la mona","Villa Checop","Local","Informal","Efectivo, Billeteras Digitales"
"El sabor de la merienda","Villa Checop","Local","Informal","Efectivo"
"No","Villa Checop","Vivienda","Informal","Efectivo"
"Droguería salud y amor","Villa Checop","Local","Informal","Efectivo"
"Electro muebles Daniels","Centro Poblado San Lorenzo","Vivienda","Formal","Efectivo, Billeteras Digitales, Tarjeta Debito"
"Internet y papelería cibercarlos","Las Acacias","Local","Formal","Efectivo"
"Billar y bar BARU","Las Acacias","Vivienda","Formal","Efectivo, Billeteras Digitales"
"Almaceen y Taller WD","Centro Poblado San Lorenzo","Local","Formal","Efectivo, Billeteras Digitales"
"Tienda san Lorenzo R","Centro","Local","Informal","Efectivo"
"Dicho bar mous","Centro","Local","Formal","Efectivo, Billeteras Digitales"
"Bar Blues JT","Centro Poblado San Lorenzo","Local","Formal","Efectivo, Billeteras Digitales"
"Concentrado ganaderos san Lorenzo","Centro","Bodega","Informal","Efectivo, Billeteras Digitales"
"Concentrados economarket","Centro Poblado San Lorenzo","Local","Formal","Efectivo, Billeteras Digitales"
"Barbería k&k","Centro","Local","Informal","Efectivo, Billeteras Digitales"
"Variedades Sofi","San José de San Lorenzo","Local","Formal","Efectivo, Billeteras Digitales"
"Lucy Farma","Barrio Villa Milena San Lorenzo","Local","Formal","Efectivo, Billeteras Digitales"
"Comunicaciones Mejía","San José","Local","Formal","Efectivo, Billeteras Digitales, Tarjeta Debito, Tarjeta Crédito"
"Asusalud san lorenzo","Centro","Local","Formal","Efectivo, Billeteras Digitales"
"Tienda Martinez","Barrio San Lorenzo San José","Bodega","Formal","Efectivo"
"Drogueria súper drogas san Lorenzo","San José","Vivienda","Formal","Efectivo, Billeteras Digitales"
"Billar el Bacan","Centro","Local","Formal","Efectivo, Billeteras Digitales"
"Supermarket","Centro","Local","Formal","Efectivo, Billeteras Digitales"
"Zapatillas Sport","Centro","Vivienda","Formal","Efectivo, Billeteras Digitales"
"Restaurante Santandereano el Mana","Centro","Local","Informal","Efectivo, Billeteras Digitales"
"Maxiplaza f pulpas y picados de verduras","Centro","Local","Informal","Efectivo"
"Víveres y verduras mercahogar","Centro Poblado San Lorenzo","Local","Formal","Efectivo, Billeteras Digitales, Tarjeta Debito"
"Tienda La Paisita","Centro Poblado San Lorenzo","Vivienda","Formal","Efectivo"
"Districarnes la llenerita san Lorenzo","San Jorge","Local","Formal","Efectivo, Billeteras Digitales"
"Maxicarmes del llano","San José","Local","Formal","Efectivo, Billeteras Digitales"
"Tienda la Esperanza","Centro","Local","Formal","Efectivo, Billeteras Digitales"
"Don Pollo","Centro Poblado San Lorenzo","Local","Formal","Efectivo, Billeteras Digitales"
"Vice motos","Centro","Local","Formal","Efectivo"
"Almacén y taller de motos el paisa","Centro","Local","Formal","Efectivo, Billeteras Digitales"
"Drogas herrera","Centro","Bodega","Formal","Efectivo"
"El mejor punto del café","Centro","Local","Formal","Efectivo, Billeteras Digitales"
"Accesorios y celulares b y p","Bambú","Local","Informal","Efectivo, Billeteras Digitales"
"Panadera y Pastelería Autopan","Centro Poblado San Lorenzo","Vivienda","Formal","Efectivo"
"Tienda naturista manantial de vida","Centro","Local","Informal","Efectivo, Billeteras Digitales"
"Salón estilos Alcira","Centro","Local","Formal","Efectivo, Billeteras Digitales"
"Papelería govi y efecty","Centro","Local","Formal","Efectivo, Billeteras Digitales"
"Ingilo boutique","Centro","Local","Formal","Efectivo, Billeteras Digitales"
"Claro CY","Centro Poblado San Lorenzo","Local","Formal","Efectivo, Billeteras Digitales, Tarjeta Debito, Tarjeta Crédito"
"Tiendas diana","Centro","Local","Formal","Efectivo, Billeteras Digitales, Tarjeta Debito, Tarjeta Crédito"
"Tienda diana","Centro","Local","Formal","Efectivo, Billeteras Digitales, Tarjeta Debito, Tarjeta Crédito"
"ArepaLuz","Centro Poblado San Lorenzo","Vivienda","Formal","Efectivo"
"Comercializadora Bastimento","Centro Poblado San Lorenzo","Local","Formal","Efectivo, Billeteras Digitales"
"Estadero las monitas","Centro","Otro","Formal","Efectivo"
"El chispazo","Centro Poblado San Lorenzo","Vivienda","Formal","Efectivo"
"San loro","Centro","Vivienda","Formal","Efectivo, Billeteras Digitales"
"Pañales Mariana","Centro Poblado San Lorenzo","Vivienda","Informal","Efectivo"
"Chatarrería r y m","Centro","Local","Formal","Efectivo, Billeteras Digitales"
"Tienda Dayis","Centro","Vivienda","Informal","Efectivo"
"Empanadon","Centro","Local","Informal","Efectivo"
"Sañdamentaria m y m","Centro","Local","Formal","Efectivo, Billeteras Digitales"
"CM Cristian motors","San José de San Lorenzo","Local","Formal","Efectivo, Billeteras Digitales"
"Papelería e internet cami","Bambú","Local","Formal","Efectivo"
"Tienda los Cachis","Centro Poblado San Lorenzo","Vivienda","Formal","Efectivo, Billeteras Digitales"
"Papelería los pinos","Centro Poblado San Lorenzo","Vivienda","Formal","Efectivo, Billeteras Digitales"
"Más estilos","San José Alto","Vivienda","Formal","Efectivo, Billeteras Digitales"
"Grafic print","San José Alto","Vivienda","Informal","Efectivo, Billeteras Digitales"
"Konitos","Centro","Vivienda","Informal","Efectivo, Billeteras Digitales"
"Tienda Carol nikol","Bambú","Vivienda","Formal","Efectivo, Billeteras Digitales"
"Ferretería la Rosa de Sarom","Centro Poblado San Lorenzo","Vivienda","Formal","Efectivo, Billeteras Digitales"
"Ferreteria taly","Bambú","Vivienda","Formal","Efectivo, Billeteras Digitales"
"RyR michel","Centro Salida San Carlos","Otro","Informal","Efectivo"
"Famident","Santa Teresa","Local","Formal","Efectivo, Billeteras Digitales, Tarjeta Debito, Tarjeta Crédito"
"Piñateria punto mágico My s","Santa Teresa","Vivienda","Formal","Efectivo, Billeteras Digitales"
