"No","MES","TRÁMITE","EMPRESAS","RADICACIÓN","FECHA ENTRADA","FECHA SALIDA","ACTO ADMINISTRATIVO (vínculo)","DECISIÓN"
"1","Enero","Notificación","ITT GOULDS PUMPS COLOMBIA S.A.S. y SPX FLOW Inc.","25-634704","2025 Dec 18 12:00:00 AM","2026 Jan 08 12:00:00 AM","Archivo adjunto","Notificada"
"2","Enero","Notificación","CAJA DE C OMPENSACIÓN FAMILIAR DEL VALLE DEL CAUCA COMFAMILIAR ANDI, DROPOPULAR S.A.S. y UNIÓN DE DROGUISTAS S.A.S.","26-9062","2026 Jan 13 12:00:00 AM","2026 Jan 20 12:00:00 AM","Archivo adjunto","Oficio de respuesta con observaciones"
"3","Enero","Notificación","AVISTA COLOMBIA S.A.S. BIC y CFG PARTNERS COLOMBIA S.A.S.","26-9727","2026 Jan 13 12:00:00 AM","2026 Jan 23 12:00:00 AM","Archivo adjunto","Notificada"
"4","Enero","Pre-evaluación","DISTRACOM S.A. Y CENCOSUD COLOMBIA S.A.","25-320580","2025 Jul 08 12:00:00 AM","2026 Jan 21 12:00:00 AM","Archivo adjunto","Aprobada"
"5","Enero","Notificación","GLOBOSHOPS S.A.S. y SAPIA CI S.A.S., SMARAGDUS S.A.S., ALMACENES TISQUESUSA S.A.","25-545591","2025 Nov 04 12:00:00 AM","2026 Jan 05 12:00:00 AM","Archivo adjunto","Desistida"
"6","Enero","Notificación","TIQETS HOLDING B.V. y EXPEDIA GROUP, INC.","25-640931","2025 Dec 23 12:00:00 AM","2026 Jan 07 12:00:00 AM","Archivo adjunto","Notificada"
"7","Febrero","Notificación","INVESTEX S.A.S y GLASST INNOVATION COMPANY S.A.S.","25-597551","2025 Dec 01 12:00:00 AM","2026 Feb 02 12:00:00 AM","Archivo adjunto","Notificada"
"8","Febrero","Notificación","FLOWERS INVESTMENTS CAPITAL ELITE FLOWER y UNIPLANTAS","25-649694","2025 Dec 30 12:00:00 AM","2026 Feb 03 12:00:00 AM","Archivo adjunto","Notificada"
"9","Febrero","Notificación","L'Oréal S.A. y Kering S.A., Kering Holland NV, Kering Beauté S.A.S","26-562","2026 Jan 02 12:00:00 AM","2026 Feb 05 12:00:00 AM","Archivo adjunto","Notificada"
"10","Febrero","Notificación","PROMIGAS S.A. E.S.P. y  ZELESTRA CORPORACIÓN, S.A.U.","25-640761","2025 Dec 23 12:00:00 AM","2026 Feb 03 12:00:00 AM","Archivo adjunto","Oficio de respuesta con observaciones"
"11","Febrero","Notificación","(i) Avidanti S.A.S.; (ii) Organización Clínica General del Norte S.A.S.; (iii) EVE Distribuciones S.A.S.; (iv) Bienestar IPS S.A.S.; y (v) otros, y, por el otro lado, (a) Colmédica Medicina Prepagada S.A.; (b) Aliansalud EPS S.A.; (c) Unidad Médica y de Diagnóstico S.A.S.; (d) Administradora Country S.A.S.; (e) Administradora La Colina S.A.S.; (f) Country Scan S.A.S.; (g) Resonancia Magnética del Country S.A.S.; (h) Resonancia Magnética de Colombia S.A.S.; y (i) Resonancia Magnética y Tac de la Sabana Ltda.","25-648369","2025 Dec 29 12:00:00 AM","2026 Feb 05 12:00:00 AM","Archivo adjunto","Oficio de respuesta con observaciones"
"12","Febrero","Notificación","Gabrica S.A.S. y Neovia Nutricao e Saúde Animal Ltda","26-5940","2026 Jan 08 12:00:00 AM","2026 Feb 10 12:00:00 AM","Archivo adjunto","Notificada"
"13","Febrero","Notificación","Darling Ingredients INC. y Tessenderlo Group NV","26-6897","2026 Jan 09 12:00:00 AM","2026 Feb 16 12:00:00 AM","Archivo adjunto","Notificada"
"14","Febrero","Notificación","DIRECTV COLOMBIA LTDA y EMPRESA DE TELECOMUNICACIONES DE BOGOTA S.A. E.S.P.","26-38936","2026 Feb 04 12:00:00 AM","2026 Feb 18 12:00:00 AM","Archivo adjunto","Notificada"
"15","Febrero","Notificación","RIDINGS S.L.U. y RTS S.A.S., RTS COLOMBIA S.A.S.","26-9971","2026 Jan 13 12:00:00 AM","2026 Feb 19 12:00:00 AM","Archivo adjunto","Desistida"
"16","Febrero","Pre-evaluación","ORGANIZACIÓN TERPEL S.A. y GRUPO DICOM S.A.S.","25-571400","2025 Nov 14 12:00:00 AM","2026 Feb 06 12:00:00 AM","Archivo adjunto","Aprobada"
"17","Febrero","Pre-evaluación","ECOPETROL S.A., y GRENERGY RENOVABLES S.A.","25-644783","2025 Dec 26 12:00:00 AM","2026 Feb 19 12:00:00 AM","Archivo adjunto","Aprobada"
"18","Febrero","Notificación","CAJA DE COMPENSACIÓN FAMILIAR DE ANTIOQUIA COMFAMA y HOLA DOCTOR S.A.S.","25-638289","2025 Dec 19 12:00:00 AM","2026 Feb 18 12:00:00 AM","Archivo adjunto","Notificada"
"19","Febrero","Notificación","Jesús Hernando Acosta Martínez, Jairo Humberto Acosta Martínez, y Seguridad de Occidente Limitada","25-650031","2025 Dec 30 12:00:00 AM","2026 Feb 24 12:00:00 AM","Archivo adjunto","Notificada"
"20","Febrero","Notificación","GEOPARK COLOMBIA S.A.S., FRONTERA ENERGY COLOMBIA CORP., SUCURSAL COLOMBIA y PETRÓLEOS SUD AMERICANOS SUCURSAL COLOMBIA","25-49388","2026 Feb 11 12:00:00 AM","2026 Feb 24 12:00:00 AM","Archivo adjunto","Notificada"
"21","Febrero","Pre-evaluación","Jerónimo Martins Colombia S.A.S. y Supermercados El Cafetal S.A.S.","26-14855","2026 Jan 16 12:00:00 AM","2026 Feb 26 12:00:00 AM","Archivo adjunto","Aprobada"
"22","Marzo","Notificación","Fundación Nuevo Marymount y Fundación Gimnasio Campestre","26-58259","2026 Feb 17 12:00:00 AM","2026 Mar 02 12:00:00 AM","Archivo adjunto","Notificada"
"23","Marzo","Notificación","JOINT VENTURE SENSIA y ROCKWELL AUTOMATION, INC. y SCHLUMBERGER LIMITED","26-10263","2026 Jan 13 12:00:00 AM","2026 Mar 03 12:00:00 AM","Archivo adjunto","Notificada"
"24","Marzo","Notificación","APEX LOGISTICS INTERNATIONAL MANAGEMENT PTE. LTD y ANDES LOGISTICS COLOMBIA S.A.S.","26-13000","2026 Jan 15 12:00:00 AM","2026 Mar 03 12:00:00 AM","Archivo adjunto","Notificada"
"25","Marzo","Notificación","CASAGRO S.A.S y INVERAGRO S.A.S,  AGROPUNTO GROUP S.A.S","25-625962","2025 Dec 12 12:00:00 AM","2026 Mar 04 12:00:00 AM","Archivo adjunto","Notificada"
"26","Marzo","Notificación","ORGANIZACIÓN TERPEL S.A. y PÉTALO","26-68348","2026 Feb 24 12:00:00 AM","2026 Mar 09 12:00:00 AM","Archivo adjunto","Notificada"
"27","Marzo","Notificación","Clínicos Programa de Atención Integral S.A.S. IPS e Interclínica Ava S.A.S.","26-66829","2026 Feb 23 12:00:00 AM","2026 Mar 10 12:00:00 AM","Archivo adjunto","Notificada"
"28","Marzo","Pre-evaluación","GROUPE SEB ANDEAN S.A. y UMCO S.A.","25-650429","2025 Dec 30 12:00:00 AM","2026 Mar 13 12:00:00 AM","Archivo adjunto","Aprobada"
"29","Marzo","Notificación","Yaskawa America Inc. y Variadores S.A.S.","26-78782","2026 Mar 04 12:00:00 AM","2026 Mar 17 12:00:00 AM","Archivo adjunto","Notificada"
"30","Marzo","Notificación","SONY GROUP CORPORATION y WILDBRAIN Ltd","26-38128","2026 Feb 03 12:00:00 AM","2026 Mar 18 12:00:00 AM","Archivo adjunto","Notificada"
"31","Marzo","Pre-evaluación","PAREX RESOURCES (COLOMBIA) AG SUCURSAL y ECOPETROL S.A.","26-42870","2026 Feb 06 12:00:00 AM","2026 Mar 24 12:00:00 AM","Archivo adjunto","Aprobada"
"32","Marzo","Notificación","Coipsa SpA e International Paper Cartones Ltda,","26-97970","2026 Mar 16 12:00:00 AM","2026 Mar 26 12:00:00 AM","Archivo adjunto","Notificada"
"33","Marzo","Pre-evaluación","TRANSPORTE FERROPORTUARIO DE COLOMBIA - TRANSFERPORT S.A.S. Y C.I. PRODECO S.A.","26-50419","2026 Feb 12 12:00:00 AM","2026 Mar 27 12:00:00 AM","Archivo adjunto","Aprobada"
"34","Marzo","Notificación","Grupo Luz y Fuerza Colombia S.A.S. y Celsia Colombia S.A. E.S.P","26-98106","2026 Mar 16 12:00:00 AM","2026 Mar 30 12:00:00 AM","Archivo adjunto","Notificada"
"35","Marzo","Notificación","PAREX RESOURCES (COLOMBIA) AG SUCURSAL, y otro, con FRONTERA ENERGY CORP., SUCURSAL COLOMBIA, y otro.","26-107214","2026 Mar 20 12:00:00 AM","2026 Mar 31 12:00:00 AM","Archivo adjunto","Notificada"
"36","Abril","Pre-evaluación","PROMIGAS S.A. E.S.P. y ZELESTRA CORPORACION, S.A.U.","26-63096","2026 Feb 20 12:00:00 AM","2026 Apr 08 12:00:00 AM","Archivo adjunto","Aprobada"
"37","Abril","Notificación","ONNET FIBRA COLOMBIA S.A.S y ATC FIBRA DE COLOMBIA S.A.S.","26-6866","2026 Jan 09 12:00:00 AM","2026 Apr 06 12:00:00 AM","Archivo adjunto","Desestimiento tacito"
"38","Abril","Notificación","Sodimac Colombia S.A. y Sumatec S.A.S. BIC","26-39461","2026 Feb 04 12:00:00 AM","2026 Apr 06 12:00:00 AM","Archivo adjunto","Notificada"
"39","Abril","Notificación","ABF Overseas Limited y Elementis Pharma GmBH.","26-106978","2026 Mar 20 12:00:00 AM","2026 Apr 06 12:00:00 AM","Archivo adjunto","Notificada"
"40","Abril","Notificación","MINEROS S.A. y ANGLOGOLD ASHANTI COLOMBIA S.A.S.","26-86692","2026 Mar 09 12:00:00 AM","2026 Apr 09 12:00:00 AM","Archivo adjunto","Notificada"
"41","Abril","Notificación","ALICORP COLOMBIA S.A.S. y UNILEVER ANDINA COLOMBIA LTDA.","26-57687","2026 Feb 17 12:00:00 AM","2026 Apr 16 12:00:00 AM","Archivo adjunto","Notificada"
"42","Abril","Notificación","Rhenus Iogistics South America S.A. y LBH Colombia S.A.S. e Inversiones Costa Terra S.A.S.","26-88082","2026 Mar 10 12:00:00 AM","2026 Apr 21 12:00:00 AM","Archivo adjunto","Notificada"
"43","Abril","Pre-evaluación","Ecopetrol S.A., y Gran Tierra Operations Colombia GMBH Sucursal.","26-102314","2026 Mar 18 12:00:00 AM","2026 Apr 29 12:00:00 AM","Archivo adjunto","Aprobada"
"44","Mayo","Notificación","Jerónimo Martins Colombia S.A.S. y Suministros de Materiales Petreos Rangel S.A.S.","26-157169","2026 Apr 20 12:00:00 AM","2026 May 04 12:00:00 AM","Archivo adjunto","Notificada"
"45","Mayo","Notificación","Alimentos Gloria Colombia S.A.S. y Saputo Inc.","26-132350","2026 Apr 01 12:00:00 AM","2026 May 05 12:00:00 AM","Archivo adjunto","Notificada"
"46","Mayo","Notificación","MULTIENLACE S.A.S. y CONTENTO BPS S.A.","26-155572","2026 Apr 20 12:00:00 AM","2026 May 06 12:00:00 AM","Archivo adjunto","Notificada"
"47","Mayo","Notificación","SierraCol Energy Limited y Cinco Ranch Petroleum Colombia Inc.","26-169340","2026 Apr 27 12:00:00 AM","2026 May 11 12:00:00 AM","Archivo adjunto","Notificada"
"48","Mayo","Pre-evaluación","GRUPO NUTRESA S.A. y INMACULADA GUADALUPE Y AMIGOS S.A.S.","25-385764","2025 Oct 14 12:00:00 AM","2026 May 11 12:00:00 AM","Archivo adjunto","Aprobada"
"49","Mayo","Notificación","Cencosud Col Shoppings S.A.S. y Patrimonio Autónomo Estrategias Inmobiliarias.","26-115960","2026 Mar 26 12:00:00 AM","2026 May 12 12:00:00 AM","Archivo adjunto","Notificada"
"50","Mayo","Notificación","(i) Avidanti S.A.S.; (ii) Organización Clínica General del Norte S.A.S.; (iii) EVE Distribuciones S.A.S.; (iv) Bienestar IPS S.A.S.; y (v) otros, y, por el otro lado, (a) Colmédica Medicina Prepagada S.A.; (b) Aliansalud EPS S.A.;  c) Unidad Médica y de Diagnóstico S.A.S.; (d) Administradora Country S.A.S.; (e) Administradora La Colina S.A.S.; (f) Country Scan S.A.S.; (g) Resonancia Magnética del Country S.A.S.; (h) Resonancia Magnética de Colombia S.A.S.; y (i) Resonancia Magnética y Tac de la Sabana Ltda.","26-171053","2026 Apr 28 12:00:00 AM","2026 May 14 12:00:00 AM","Archivo adjunto","Notificada"
"51","Mayo","Notificación","Paramount Skydance Corporation y Warner Bros Discovery, Inc.","26-57321","2026 Feb 17 12:00:00 AM","2026 May 15 12:00:00 AM","Archivo adjunto","Oficio de respuesta con observaciones"
"52","Mayo","Pre-evaluación","Organización Terpel S.A. - Renta Urbana S.A.S. y otros.","26-81998","2026 Mar 05 12:00:00 AM","2026 May 20 12:00:00 AM","Archivo adjunto","Aprobada"
"53","Mayo","Notificación","ABRDN Global Sustainable Infrastructure Partners IV LP., y VGMobility Colombia S.A.S.","26-153266","2026 Apr 16 12:00:00 AM","2026 May 22 12:00:00 AM","Archivo adjunto","Notificada"
"54","Mayo","Notificación","PROMOTORA APARTAMENTOS DANN S.A.S. y PROMOTORA APARTAMENTOS DANN CARLTON CALLE 94 S.A.S.","26-161632","2026 Apr 22 12:00:00 AM","2026 May 28 12:00:00 AM","Archivo adjunto","No es integración que deba ser informada"
"55","Mayo","Notificación","Volkswagen Aktiengesellschaft y Europcar Mobility Group S.A.","26-201089","2026 May 15 12:00:00 AM","2026 May 29 12:00:00 AM","Archivo adjunto","Notificada"
"56","Junio","Pre-evaluación","Organización Terpel S.A. - Energy Strategies S.A.S.","26-139259","2026 Apr 08 12:00:00 AM","2026 Jun 09 12:00:00 AM","Archivo adjunto","Aprobada"
"57","Junio","Pre-evaluación","BIOMAX S.A, GRUPO EDS AUTOGAS S.A.S. y PRIMAX S.A., COESCO COLOMBIA S.A.S.","25-418011","2026 Aug 28 12:00:00 AM","2026 Jun 12 12:00:00 AM","Archivo adjunto","Condicionada"
"58","Junio","Pre-evaluación","PRIMAX COLOMBIA S.A. sobre la EDS SANTANDER DE QUILICHAO (Santander de Quilichao, Cauca)","26-178951","2026 May 04 12:00:00 AM","2026 Jun 19 12:00:00 AM","Archivo adjunto","Aprobada"
"59","Junio","Notificación","ARCHIES COMPANY SAS y GASTRONOMIA ITALIANA EN COLOMBIA S A S","26-53340","2026 Feb 13 12:00:00 AM","2026 Jun 05 12:00:00 AM","Archivo adjunto","Notificada"
"60","Junio","Notificación","Caja de Compensación Familiar de Antioquia - COMFAMA, Servicios San Vicente Fundación y la Corporación para Estudios de Salud Clínica CES.","26-201305","2026 May 15 12:00:00 AM","2026 Jun 05 12:00:00 AM","Archivo adjunto","Notificada"
"61","Junio","Notificación","Nutrium S.A.S. y Vector Foods S.A.S","26-185931","2026 May 07 12:00:00 AM","2026 Jun 09 12:00:00 AM","Archivo adjunto","Notificada"
"62","Junio","Notificación","ARTHUR J. GALLAGHER CORREDORES DE SEGUROS S.A. y BAEZ COTE ASESORES DE SEGUROS LTDA","26-228615","2026 Jun 02 12:00:00 AM","2026 Jun 12 12:00:00 AM","Archivo adjunto","Notificada"
"63","Junio","Notificación","Erco Energía S.A.S. y Luminora Solar Power Colombia Seis S.A.S.","26-220495","2026 May 28 12:00:00 AM","2026 Jun 18 12:00:00 AM","Archivo adjunto","Notificada"
"64","Junio","Notificación","BETTCHER INDUSTRIES, INC. y DEIGHTON MANUFACTURING (UK) LIMITED","26-190259","2026 May 11 12:00:00 AM","2026 Jun 04 12:00:00 AM","Archivo adjunto","Notificada"
"65","Junio","Notificación","PRIMARY WAVE KB HOLDINGS, LP y KOBALT MUSIC GROUP","26-160400","2026 Apr 21 12:00:00 AM","2026 Jun 05 12:00:00 AM","Archivo adjunto","Notificada"
"66","Junio","Notificación","Jerónimo Martins Colombia S.A.S. y Proyectos Santa Cruz S.A.S.","26-157233","2026 Apr 20 12:00:00 AM","2026 Jun 19 12:00:00 AM","Archivo adjunto","Notificada"
"67","Junio","Notificación","Copower Limitada y Generadora","26-68918","2026 Feb 24 12:00:00 AM","2026 Jun 19 12:00:00 AM","Archivo adjunto","Notificada"
"68",,,"Termocentro S.A.S. E.S.P.",,,,,
"69","Junio","Notificación","THE BRINK’S COMPANY y NCR ATLEOS CORPORATION.","26-226127","2026 Jun 01 12:00:00 AM","2026 Jun 25 12:00:00 AM","Archivo adjunto","Notificada"
"70","Junio","Concepto de Superfinanciera","Itaú Colombia y Banco de Bogotá","26-37036","2026 Feb 03 12:00:00 AM","2026 Jun 03 12:00:00 AM","Archivo adjunto","Emitido"
"71","Junio","Pre-evaluación","Alicorp Colombia S.A.S. y C.I. Flora Food Colombia S.A.S.","26-131670","2026 Apr 01 12:00:00 AM","2026 Jun 02 12:00:00 AM","Archivo adjunto","Aprobada"
